INSERT INTO Section
    (Name)
VALUES
    ('Informatique'),
    ('Architecture'),
    ('Internet et communication'),
    ('Chimie'),
    ('Télécomunication');

INSERT INTO User
    (Name, FirstName, Email, Login, Role, SectionName)
VALUES
    ('Doudin', 'Yann', 'yann.doudin@edu.hefr.ch', 'yann.doudin', 'Responsable', 'Informatique'),
    ('Morattel', 'Damien', 'damien.morattel@edu.hefr.ch', 'test', 'Etudiant', 'Internet et communication'),
    ('Vallat', 'Raoul', 'raoul.vallat@edu.hefr.ch', 'test', 'Etudiant', 'Architecture'),
    ('Firat', 'Cemali', 'cemali.firatn@edu.hefr.ch', 'test', 'Etudiant', 'Internet et communication'),
    ('Vallat', 'Matthieu', 'matthieu.vallat@edu.hefr.ch', 'test', 'Etudiant', 'Informatique'),
    ('Savary', 'Nicolas', 'nicolas.savary@edu.hefr.ch', 'test', 'Etudiant', 'Chimie'),
    ('Müller', 'Dylan', 'dylan.mueller@edu.hefr.ch', 'test', 'Etudiant', 'Télécomunication'),
    ('Tschopp', 'Bruno', 'bruno.tschopp@edu.hefr.ch', 'test', 'Etudiant', 'Internet et communication'),
    ('Genilloud', 'Maxime', 'maxime.genilloud@edu.hefr.ch', 'test', 'Etudiant', 'Internet et communication'),
    ('Dumas', 'Ayrton', 'ayrton.dumas@edu.hefr.ch', 'test', 'Etudiant', 'Informatique'),
    ('Alvarez Restrepo', 'David', 'david.alvarezrestrepo@edu.hefr.ch', 'test', 'Etudiant', 'Informatique'),
    ('Cheseaux', 'Bastien', 'bastien.cheseaux@edu.hefr.ch', 'test', 'Etudiant', 'Architecture'),
    ('Std0', 'MyName', 'myname.std0@edu.hefr.ch', 'myname0.std', 'Etudiant', 'Informatique'),
    ('Std1', 'MyName', 'myname.std1@edu.hefr.ch', 'myname1.std', 'Etudiant', 'Informatique'),
    ('Std2', 'MyName', 'myname.std2@edu.hefr.ch', 'myname2.std', 'Etudiant', 'Informatique'),
    ('Std3', 'MyName', 'myname.std3@edu.hefr.ch', 'myname3.std', 'Etudiant', 'Informatique'),
    ('Std4', 'MyName', 'myname.std4@edu.hefr.ch', 'myname4.std', 'Etudiant', 'Informatique'),
    ('Std5', 'MyName', 'myname.std5@edu.hefr.ch', 'myname5.std', 'Etudiant', 'Informatique'),
    ('Std6', 'MyName', 'myname.std6@edu.hefr.ch', 'myname6.std', 'Etudiant', 'Informatique'),
    ('Std7', 'MyName', 'myname.std7@edu.hefr.ch', 'myname7.std', 'Etudiant', 'Informatique'),
    ('Std8', 'MyName', 'myname.std8@edu.hefr.ch', 'myname8.std', 'Etudiant', 'Informatique'),
    ('Std9', 'MyName', 'myname.std9@edu.hefr.ch', 'myname9.std', 'Etudiant', 'Informatique'),
    ('Std10', 'MyName', 'myname.std0@edu.hefr.ch', 'myname0.std', 'Etudiant', 'Informatique'),
    ('Std11', 'MyName', 'myname.std1@edu.hefr.ch', 'myname1.std', 'Etudiant', 'Informatique'),
    ('Std12', 'MyName', 'myname.std2@edu.hefr.ch', 'myname2.std', 'Etudiant', 'Informatique'),
    ('Std13', 'MyName', 'myname.std3@edu.hefr.ch', 'myname3.std', 'Etudiant', 'Informatique'),
    ('Std14', 'MyName', 'myname.std4@edu.hefr.ch', 'myname4.std', 'Etudiant', 'Informatique'),
    ('Std15', 'MyName', 'myname.std5@edu.hefr.ch', 'myname5.std', 'Etudiant', 'Informatique'),
    ('Std16', 'MyName', 'myname.std6@edu.hefr.ch', 'myname6.std', 'Etudiant', 'Informatique'),
    ('Std17', 'MyName', 'myname.std7@edu.hefr.ch', 'myname7.std', 'Etudiant', 'Informatique'),
    ('Std18', 'MyName', 'myname.std8@edu.hefr.ch', 'myname8.std', 'Etudiant', 'Informatique'),
    ('Std19', 'MyName', 'myname.std9@edu.hefr.ch', 'myname9.std', 'Etudiant', 'Informatique'),
    ('Std20', 'MyName', 'myname.std0@edu.hefr.ch', 'myname0.std', 'Etudiant', 'Informatique'),
    ('Std21', 'MyName', 'myname.std1@edu.hefr.ch', 'myname1.std', 'Etudiant', 'Informatique'),
    ('Std22', 'MyName', 'myname.std2@edu.hefr.ch', 'myname2.std', 'Etudiant', 'Informatique'),
    ('Std23', 'MyName', 'myname.std3@edu.hefr.ch', 'myname3.std', 'Etudiant', 'Informatique'),
    ('Std24', 'MyName', 'myname.std4@edu.hefr.ch', 'myname4.std', 'Etudiant', 'Informatique'),
    ('Std25', 'MyName', 'myname.std5@edu.hefr.ch', 'myname5.std', 'Etudiant', 'Informatique'),
    ('Std26', 'MyName', 'myname.std6@edu.hefr.ch', 'myname6.std', 'Etudiant', 'Informatique'),
    ('Std27', 'MyName', 'myname.std7@edu.hefr.ch', 'myname7.std', 'Etudiant', 'Informatique'),
    ('Std28', 'MyName', 'myname.std8@edu.hefr.ch', 'myname8.std', 'Etudiant', 'Informatique'),
    ('Std29', 'MyName', 'myname.std9@edu.hefr.ch', 'myname9.std', 'Etudiant', 'Informatique'),
    ('Std30', 'MyName', 'myname.std0@edu.hefr.ch', 'myname0.std', 'Etudiant', 'Informatique'),
    ('Std31', 'MyName', 'myname.std1@edu.hefr.ch', 'myname1.std', 'Etudiant', 'Informatique'),
    ('Std32', 'MyName', 'myname.std2@edu.hefr.ch', 'myname2.std', 'Etudiant', 'Informatique'),
    ('Std33', 'MyName', 'myname.std3@edu.hefr.ch', 'myname3.std', 'Etudiant', 'Informatique'),
    ('Std34', 'MyName', 'myname.std4@edu.hefr.ch', 'myname4.std', 'Etudiant', 'Informatique'),
    ('Std35', 'MyName', 'myname.std5@edu.hefr.ch', 'myname5.std', 'Etudiant', 'Informatique'),
    ('Std36', 'MyName', 'myname.std6@edu.hefr.ch', 'myname6.std', 'Etudiant', 'Informatique'),
    ('Std37', 'MyName', 'myname.std7@edu.hefr.ch', 'myname7.std', 'Etudiant', 'Informatique'),
    ('Std38', 'MyName', 'myname.std8@edu.hefr.ch', 'myname8.std', 'Etudiant', 'Informatique'),
    ('Std39', 'MyName', 'myname.std9@edu.hefr.ch', 'myname9.std', 'Etudiant', 'Informatique'),
    ('Std40', 'MyName', 'myname.std0@edu.hefr.ch', 'myname0.std', 'Etudiant', 'Informatique'),
    ('Std41', 'MyName', 'myname.std1@edu.hefr.ch', 'myname1.std', 'Etudiant', 'Informatique'),
    ('Std42', 'MyName', 'myname.std2@edu.hefr.ch', 'myname2.std', 'Etudiant', 'Informatique'),
    ('Std43', 'MyName', 'myname.std3@edu.hefr.ch', 'myname3.std', 'Etudiant', 'Informatique'),
    ('Std44', 'MyName', 'myname.std4@edu.hefr.ch', 'myname4.std', 'Etudiant', 'Informatique'),
    ('Std45', 'MyName', 'myname.std5@edu.hefr.ch', 'myname5.std', 'Etudiant', 'Informatique'),
    ('Std46', 'MyName', 'myname.std6@edu.hefr.ch', 'myname6.std', 'Etudiant', 'Informatique'),
    ('Std47', 'MyName', 'myname.std7@edu.hefr.ch', 'myname7.std', 'Etudiant', 'Informatique'),
    ('Std48', 'MyName', 'myname.std8@edu.hefr.ch', 'myname8.std', 'Etudiant', 'Informatique'),
    ('Std49', 'MyName', 'myname.std9@edu.hefr.ch', 'myname9.std', 'Etudiant', 'Informatique'),
    ('Std50', 'MyName', 'myname.std0@edu.hefr.ch', 'myname0.std', 'Etudiant', 'Informatique'),
    ('Std51', 'MyName', 'myname.std1@edu.hefr.ch', 'myname1.std', 'Etudiant', 'Informatique'),
    ('Std52', 'MyName', 'myname.std2@edu.hefr.ch', 'myname2.std', 'Etudiant', 'Informatique'),
    ('Std53', 'MyName', 'myname.std3@edu.hefr.ch', 'myname3.std', 'Etudiant', 'Informatique'),
    ('Std54', 'MyName', 'myname.std4@edu.hefr.ch', 'myname4.std', 'Etudiant', 'Informatique'),
    ('Std55', 'MyName', 'myname.std5@edu.hefr.ch', 'myname5.std', 'Etudiant', 'Informatique'),
    ('Std56', 'MyName', 'myname.std6@edu.hefr.ch', 'myname6.std', 'Etudiant', 'Informatique'),
    ('Std57', 'MyName', 'myname.std7@edu.hefr.ch', 'myname7.std', 'Etudiant', 'Informatique'),
    ('Std58', 'MyName', 'myname.std8@edu.hefr.ch', 'myname8.std', 'Etudiant', 'Informatique'),
    ('Std59', 'MyName', 'myname.std9@edu.hefr.ch', 'myname9.std', 'Etudiant', 'Informatique'),
    ('Std60', 'MyName', 'myname.std0@edu.hefr.ch', 'myname0.std', 'Etudiant', 'Informatique'),
    ('Std61', 'MyName', 'myname.std1@edu.hefr.ch', 'myname1.std', 'Etudiant', 'Informatique'),
    ('Std62', 'MyName', 'myname.std2@edu.hefr.ch', 'myname2.std', 'Etudiant', 'Informatique'),
    ('Std63', 'MyName', 'myname.std3@edu.hefr.ch', 'myname3.std', 'Etudiant', 'Informatique'),
    ('Std64', 'MyName', 'myname.std4@edu.hefr.ch', 'myname4.std', 'Etudiant', 'Informatique'),
    ('Std65', 'MyName', 'myname.std5@edu.hefr.ch', 'myname5.std', 'Etudiant', 'Informatique'),
    ('Std66', 'MyName', 'myname.std6@edu.hefr.ch', 'myname6.std', 'Etudiant', 'Informatique'),
    ('Std67', 'MyName', 'myname.std7@edu.hefr.ch', 'myname7.std', 'Etudiant', 'Informatique'),
    ('Std68', 'MyName', 'myname.std8@edu.hefr.ch', 'myname8.std', 'Etudiant', 'Informatique'),
    ('Std69', 'MyName', 'myname.std9@edu.hefr.ch', 'myname9.std', 'Etudiant', 'Informatique'),
    ('Std70', 'MyName', 'myname.std0@edu.hefr.ch', 'myname0.std', 'Etudiant', 'Informatique'),
    ('Std71', 'MyName', 'myname.std1@edu.hefr.ch', 'myname1.std', 'Etudiant', 'Informatique'),
    ('Std72', 'MyName', 'myname.std2@edu.hefr.ch', 'myname2.std', 'Etudiant', 'Informatique'),
    ('Std73', 'MyName', 'myname.std3@edu.hefr.ch', 'myname3.std', 'Etudiant', 'Informatique'),
    ('Std74', 'MyName', 'myname.std4@edu.hefr.ch', 'myname4.std', 'Etudiant', 'Informatique'),
    ('Std75', 'MyName', 'myname.std5@edu.hefr.ch', 'myname5.std', 'Etudiant', 'Informatique'),
    ('Std76', 'MyName', 'myname.std6@edu.hefr.ch', 'myname6.std', 'Etudiant', 'Informatique'),
    ('Std77', 'MyName', 'myname.std7@edu.hefr.ch', 'myname7.std', 'Etudiant', 'Informatique'),
    ('Std78', 'MyName', 'myname.std8@edu.hefr.ch', 'myname8.std', 'Etudiant', 'Informatique'),
    ('Std79', 'MyName', 'myname.std9@edu.hefr.ch', 'myname9.std', 'Etudiant', 'Informatique'),
    ('Std80', 'MyName', 'myname.std0@edu.hefr.ch', 'myname0.std', 'Etudiant', 'Informatique'),
    ('Std81', 'MyName', 'myname.std1@edu.hefr.ch', 'myname1.std', 'Etudiant', 'Informatique'),
    ('Std82', 'MyName', 'myname.std2@edu.hefr.ch', 'myname2.std', 'Etudiant', 'Informatique'),
    ('Std83', 'MyName', 'myname.std3@edu.hefr.ch', 'myname3.std', 'Etudiant', 'Informatique'),
    ('Std84', 'MyName', 'myname.std4@edu.hefr.ch', 'myname4.std', 'Etudiant', 'Informatique'),
    ('Std85', 'MyName', 'myname.std5@edu.hefr.ch', 'myname5.std', 'Etudiant', 'Informatique'),
    ('Std86', 'MyName', 'myname.std6@edu.hefr.ch', 'myname6.std', 'Etudiant', 'Informatique'),
    ('Std87', 'MyName', 'myname.std7@edu.hefr.ch', 'myname7.std', 'Etudiant', 'Informatique'),
    ('Std88', 'MyName', 'myname.std8@edu.hefr.ch', 'myname8.std', 'Etudiant', 'Informatique'),
    ('Std89', 'MyName', 'myname.std9@edu.hefr.ch', 'myname9.std', 'Etudiant', 'Informatique'),
    ('Std90', 'MyName', 'myname.std0@edu.hefr.ch', 'myname0.std', 'Etudiant', 'Informatique'),
    ('Std91', 'MyName', 'myname.std1@edu.hefr.ch', 'myname1.std', 'Etudiant', 'Informatique'),
    ('Std92', 'MyName', 'myname.std2@edu.hefr.ch', 'myname2.std', 'Etudiant', 'Informatique'),
    ('Std93', 'MyName', 'myname.std3@edu.hefr.ch', 'myname3.std', 'Etudiant', 'Informatique'),
    ('Std94', 'MyName', 'myname.std4@edu.hefr.ch', 'myname4.std', 'Etudiant', 'Informatique'),
    ('Std95', 'MyName', 'myname.std5@edu.hefr.ch', 'myname5.std', 'Etudiant', 'Informatique'),
    ('Std96', 'MyName', 'myname.std6@edu.hefr.ch', 'myname6.std', 'Etudiant', 'Informatique'),
    ('Std97', 'MyName', 'myname.std7@edu.hefr.ch', 'myname7.std', 'Etudiant', 'Informatique'),
    ('Std98', 'MyName', 'myname.std8@edu.hefr.ch', 'myname8.std', 'Etudiant', 'Informatique'),
    ('Std99', 'MyName', 'myname.std9@edu.hefr.ch', 'myname9.std', 'Etudiant', 'Informatique'),
    ('Bouteille', 'Cedric', 'cedric.bouteille@edu.hefr.ch', 'cedric.bouteille', 'Etudiant', 'Informatique');


INSERT INTO User
    (Name, FirstName, Email, Login, Role)
VALUES
    ('Scheurer', 'Rudolf', 'rudolf.scheurer@hefr.ch', 'test', 'Professeur'),
    ('Supcik', 'Jacques', 'Jacques.Supcik@hefr.ch', 'test', 'Professeur'),
    ('Joye', 'Philippe', 'Philippe.Joye@hefr.ch', 'test', 'Responsable'),
    ('Chabbi', 'Houda', 'houda.chabbi@hefr.ch', 'test', 'Professeur'),
    ('Ingram', 'Sandy', 'sandy.ingram@hefr.ch', 'test', 'Professeur'),
    ('Abou Khaled', 'Omar', 'omar.aboukhaled@hefr.ch', 'test', 'Professeur');

INSERT INTO Externe
    (Name, Email, PhoneNumber)
VALUES
    ('Bob', 'bob@gmail.com', 0791111111),
    ('Harry', 'harry@outlook.com', 0792222222),
    ('Fred', 'Fred@gmail.com', 0793333333),
    ('Marc', 'Marc@gmail.com', 078444444),
    ('Kevin', 'Kevin@gmail.com', 0795555555);

INSERT INTO Expert
    (Name, FirstName, Email, PhoneNumber)
VALUES
    ('Hodge', 'Dana', 'd.hodge@gmail.com', 0799999999),
    ('Graves', 'Elize', 'e.graves@outlook.com', 0798888888),
    ('Cross', 'Christian', 'c.c@gmail.com', 0797777777),
    ('Johnson', 'Jesus', 'jj@gmail.com', 0786666666),
    ('Redfern', 'Celia', 'c.redfern@gmail.com', 0798978978);

INSERT INTO Type
    (Name, CreditECTS)
VALUES
    ('PS4', 4.5),
    ('PS5', 5),
    ('PS6', 6),
    ('Bachelor', 12);

INSERT INTO Project
    (Title, State, Year, UserID_Owner, TypeName, NbrMaxStudent)
VALUES
    ('project 1', 'Concours', 2019, 1, 'Bachelor', 1),
    ('project 2', 'Concours', 2019, 1, 'Bachelor', 1),
    ('project 3', 'Concours', 2019, 1, 'Bachelor', 1),
    ('project 4', 'Concours', 2019, 1, 'Bachelor', 2),
    ('project 5', 'Concours', 2019, 1, 'Bachelor', 1),
    ('project 6', 'Concours', 2019, 1, 'Bachelor', 1),
    ('project 7', 'Concours', 2019, 1, 'Bachelor', 2),
    ('project 8', 'Concours', 2019, 1, 'Bachelor', 1),
    ('project 9', 'Concours', 2019, 1, 'Bachelor', 1),
    ('project 10', 'Concours', 2019, 15, 'Bachelor', 1),
    ('project 11', 'Concours', 2019, 15, 'Bachelor', 1),
    ('project 12', 'Concours', 2019, 15, 'Bachelor', 2),
    ('project 13', 'Concours', 2019, 15, 'Bachelor', 2),
    ('project 14', 'Concours', 2019, 15, 'Bachelor', 1),
    ('project 15', 'Concours', 2019, 15, 'Bachelor', 2),
    ('project 16', 'Concours', 2019, 15, 'Bachelor', 1),
    ('project 17', 'Concours', 2019, 15, 'Bachelor', 1),
    ('project 18', 'Concours', 2019, 15, 'Bachelor', 1),
    ('project 19', 'Concours', 2019, 15, 'Bachelor', 1),
    ('project 20', 'Concours', 2019, 15, 'Bachelor', 1),
    ('project 21', 'Concours', 2019, 15, 'Bachelor', 1),
    ('project 22', 'Concours', 2019, 15, 'Bachelor', 1),
    ('project 23', 'Concours', 2019, 15, 'Bachelor', 1),
    ('project 24', 'Concours', 2019, 15, 'Bachelor', 1),
    ('project 25', 'Concours', 2019, 15, 'Bachelor', 1),
    ('project 26', 'Concours', 2019, 15, 'Bachelor', 2),
    ('project 27', 'Concours', 2019, 15, 'Bachelor', 1),
    ('project 28', 'Concours', 2019, 15, 'Bachelor', 1),
    ('project 29', 'Concours', 2019, 15, 'Bachelor', 1),
    ('project 30', 'Concours', 2019, 16, 'Bachelor', 1),
    ('project 31', 'Concours', 2019, 16, 'Bachelor', 1),
    ('project 32', 'Concours', 2019, 16, 'Bachelor', 2),
    ('project 33', 'Concours', 2019, 16, 'Bachelor', 2),
    ('project 34', 'Concours', 2019, 16, 'Bachelor', 2),
    ('project 35', 'Concours', 2019, 16, 'Bachelor', 2),
    ('project 36', 'Concours', 2019, 16, 'Bachelor', 2),
    ('project 37', 'Concours', 2019, 16, 'Bachelor', 2),
    ('project 38', 'Concours', 2019, 16, 'Bachelor', 2),
    ('project 39', 'Concours', 2019, 16, 'Bachelor', 2),
    ('project 40', 'Concours', 2019, 17, 'Bachelor', 1),
    ('project 41', 'Concours', 2019, 17, 'Bachelor', 1),
    ('project 42', 'Concours', 2019, 17, 'Bachelor', 1),
    ('project 43', 'Concours', 2019, 17, 'Bachelor', 1),
    ('project 44', 'Concours', 2019, 17, 'Bachelor', 2),
    ('project 45', 'Concours', 2019, 17, 'Bachelor', 2),
    ('project 46', 'Concours', 2019, 17, 'Bachelor', 2),
    ('project 47', 'Concours', 2019, 17, 'Bachelor', 2),
    ('project 48', 'Concours', 2019, 17, 'Bachelor', 1),
    ('project 49', 'Concours', 2019, 17, 'Bachelor', 1),
    ('project 50', 'Concours', 2019, 18, 'Bachelor', 1),
    ('project 51', 'Concours', 2019, 18, 'Bachelor', 1),
    ('project 52', 'Concours', 2019, 18, 'Bachelor', 2),
    ('project 53', 'Concours', 2019, 18, 'Bachelor', 2),
    ('project 54', 'Concours', 2019, 18, 'Bachelor', 1),
    ('project 55', 'Concours', 2019, 18, 'Bachelor', 2),
    ('project 56', 'Concours', 2019, 18, 'Bachelor', 1),
    ('project 57', 'Concours', 2019, 18, 'Bachelor', 1),
    ('project 58', 'Concours', 2019, 18, 'Bachelor', 1),
    ('project 59', 'Concours', 2019, 18, 'Bachelor', 1),
    ('project 60', 'Concours', 2019, 18, 'Bachelor', 1),
    ('project 61', 'Concours', 2019, 18, 'Bachelor', 1),
    ('project 62', 'Concours', 2019, 18, 'Bachelor', 1),
    ('project 63', 'Concours', 2019, 18, 'Bachelor', 1),
    ('project 64', 'Concours', 2019, 18, 'Bachelor', 1),
    ('project 65', 'Concours', 2019, 18, 'Bachelor', 1),
    ('project 66', 'Concours', 2019, 18, 'Bachelor', 2),
    ('project 67', 'Concours', 2019, 18, 'Bachelor', 1),
    ('project 68', 'Concours', 2019, 18, 'Bachelor', 1),
    ('project 69', 'Concours', 2019, 18, 'Bachelor', 1),
    ('project 70', 'Concours', 2019, 18, 'Bachelor', 1),
    ('project 71', 'Concours', 2019, 18, 'Bachelor', 1),
    ('project 72', 'Concours', 2019, 16, 'Bachelor', 2),
    ('project 73', 'Concours', 2019, 16, 'Bachelor', 2),
    ('project 74', 'Concours', 2019, 16, 'Bachelor', 2),
    ('project 75', 'Concours', 2019, 16, 'Bachelor', 2),
    ('project 76', 'Concours', 2019, 16, 'Bachelor', 2),
    ('project 77', 'Concours', 2019, 16, 'Bachelor', 2),
    ('project 78', 'Concours', 2019, 16, 'Bachelor', 2),
    ('project 79', 'Concours', 2019, 16, 'Bachelor', 2),
    ('project 80', 'Validation', 2019, 17, 'Bachelor', 1),
    ('project 81', 'Validation', 2019, 17, 'Bachelor', 1),
    ('project 82', 'Validation', 2019, 17, 'Bachelor', 1),
    ('project 83', 'Validation', 2019, 17, 'Bachelor', 1),
    ('project 84', 'Validation', 2019, 17, 'Bachelor', 2),
    ('project 85', 'Validation', 2019, 17, 'Bachelor', 2),
    ('project 86', 'Validation', 2019, 17, 'Bachelor', 2),
    ('project 87', 'Validation', 2019, 17, 'Bachelor', 2),
    ('project 88', 'Validation', 2019, 17, 'Bachelor', 1),
    ('project 89', 'Validation', 2019, 17, 'Bachelor', 1),
    ('project 90', 'Validation', 2019, 15, 'Bachelor', 1),
    ('project 91', 'Validation', 2019, 15, 'Bachelor', 1),
    ('project 92', 'Validation', 2019, 15, 'Bachelor', 2),
    ('project 93', 'Validation', 2019, 15, 'Bachelor', 2),
    ('project 94', 'Validation', 2019, 15, 'Bachelor', 1),
    ('project 95', 'Validation', 2019, 15, 'Bachelor', 2),
    ('project 96', 'Validation', 2019, 15, 'Bachelor', 1),
    ('project 97', 'Validation', 2019, 15, 'Bachelor', 1),
    ('project 98', 'Validation', 2019, 15, 'Bachelor', 1),
    ('project 99', 'Validation', 2019, 15, 'Bachelor', 1),
    ('project 100', 'Valide', 2019, 13, 'Bachelor', 1),
    ('project 101', 'Valide', 2019, 13, 'Bachelor', 1),
    ('project 102', 'Valide', 2019, 13, 'Bachelor', 1),
    ('project 103', 'Valide', 2019, 13, 'Bachelor', 1),
    ('project 104', 'Valide', 2019, 13, 'Bachelor', 1),
    ('project 105', 'Valide', 2019, 13, 'Bachelor', 1),
    ('project 106', 'Valide', 2019, 13, 'Bachelor', 2),
    ('project 107', 'Valide', 2019, 13, 'Bachelor', 1),
    ('project 108', 'Valide', 2019, 13, 'Bachelor', 1),
    ('project 109', 'Valide', 2019, 13, 'Bachelor', 1),
    ('project 110', 'Valide', 2019, 13, 'Bachelor', 1),
    ('project 111', 'Valide', 2019, 13, 'Bachelor', 1),
    ('project 112', 'Valide', 2019, 13, 'Bachelor', 2),
    ('project 113', 'Valide', 2019, 13, 'Bachelor', 2),
    ('project 114', 'Valide', 2019, 13, 'Bachelor', 2),
    ('project 115', 'Valide', 2019, 14, 'Bachelor', 2),
    ('project 116', 'Valide', 2019, 14, 'Bachelor', 2),
    ('project 117', 'Valide', 2019, 14, 'Bachelor', 2),
    ('project 118', 'Valide', 2019, 14, 'Bachelor', 2),
    ('project 119', 'Valide', 2019, 14, 'Bachelor', 2),
    ('project 120', 'Valide', 2019, 14, 'Bachelor', 1),
    ('project 121', 'Valide', 2019, 14, 'Bachelor', 1),
    ('project 122', 'Valide', 2019, 14, 'Bachelor', 1),
    ('project 123', 'Valide', 2019, 14, 'Bachelor', 1),
    ('project 124', 'Valide', 2019, 14, 'Bachelor', 2),
    ('project 125', 'Valide', 2019, 14, 'Bachelor', 2),
    ('project 126', 'Valide', 2019, 14, 'Bachelor', 2),
    ('project 127', 'Valide', 2019, 14, 'Bachelor', 2),
    ('project 128', 'Valide', 2019, 14, 'Bachelor', 1),
    ('project 129', 'Valide', 2019, 14, 'Bachelor', 1),
    ('project 130', 'Valide', 2019, 14, 'Bachelor', 1),
    ('project 131', 'Valide', 2019, 14, 'Bachelor', 1),
    ('project 132', 'Valide', 2019, 15, 'Bachelor', 2),
    ('project 133', 'Valide', 2019, 15, 'Bachelor', 2),
    ('project 134', 'Valide', 2019, 15, 'Bachelor', 1),
    ('project 135', 'Valide', 2019, 15, 'Bachelor', 2),
    ('project 136', 'Valide', 2019, 15, 'Bachelor', 1),
    ('project 137', 'Valide', 2019, 15, 'Bachelor', 1),
    ('project 138', 'Valide', 2019, 15, 'Bachelor', 1),
    ('project 139', 'Valide', 2019, 15, 'Bachelor', 1),
    ('project 140', 'Valide', 2019, 15, 'Bachelor', 1),
    ('project 141', 'Valide', 2019, 15, 'Bachelor', 1),
    ('project 142', 'Valide', 2019, 15, 'Bachelor', 1),
    ('project 143', 'Valide', 2019, 15, 'Bachelor', 1),
    ('project 144', 'Valide', 2019, 15, 'Bachelor', 1),
    ('project 145', 'Valide', 2019, 15, 'Bachelor', 1),
    ('project 146', 'Valide', 2019, 15, 'Bachelor', 2),
    ('project 147', 'Valide', 2019, 15, 'Bachelor', 1),
    ('project 148', 'Valide', 2019, 15, 'Bachelor', 1),
    ('project 149', 'Valide', 2019, 15, 'Bachelor', 1),
    ('project 150', 'Valide', 2019, 16, 'Bachelor', 1),
    ('project 151', 'Valide', 2019, 16, 'Bachelor', 1),
    ('project 152', 'Valide', 2019, 16, 'Bachelor', 2),
    ('project 153', 'Valide', 2019, 16, 'Bachelor', 2),
    ('project 154', 'Valide', 2019, 16, 'Bachelor', 2),
    ('project 155', 'Valide', 2019, 16, 'Bachelor', 2),
    ('project 156', 'Valide', 2019, 16, 'Bachelor', 2),
    ('project 157', 'Valide', 2019, 16, 'Bachelor', 2),
    ('project 158', 'Valide', 2019, 16, 'Bachelor', 2),
    ('project 159', 'Valide', 2019, 16, 'Bachelor', 2),
    ('project 160', 'Valide', 2019, 17, 'Bachelor', 1),
    ('project 161', 'Valide', 2019, 17, 'Bachelor', 1),
    ('project 162', 'Valide', 2019, 17, 'Bachelor', 1),
    ('project 163', 'Valide', 2019, 17, 'Bachelor', 1),
    ('project 164', 'Valide', 2019, 17, 'Bachelor', 2),
    ('project 165', 'Valide', 2019, 17, 'Bachelor', 2),
    ('project 166', 'Valide', 2019, 17, 'Bachelor', 2),
    ('project 167', 'Valide', 2019, 17, 'Bachelor', 2),
    ('project 168', 'Valide', 2019, 17, 'Bachelor', 1),
    ('project 169', 'Valide', 2019, 17, 'Bachelor', 1),
    ('project nulle', 'Concours', 2019, 13, 'Bachelor', 1);

INSERT INTO Affiliated
    (ProjectID, SectionName)
VALUES
    (1, 'Informatique'),
    (2, 'Informatique'),
    (3, 'Informatique'),
    (4, 'Informatique'),
    (5, 'Informatique'),
    (6, 'Informatique'),
    (7, 'Informatique'),
    (8, 'Informatique'),
    (9, 'Informatique'),
    (10, 'Informatique'),
    (11, 'Informatique'),
    (12, 'Informatique'),
    (13, 'Informatique'),
    (14, 'Informatique'),
    (15, 'Informatique'),
    (16, 'Informatique'),
    (17, 'Informatique'),
    (18, 'Informatique'),
    (19, 'Informatique'),
    (20, 'Informatique'),
    (21, 'Informatique'),
    (22, 'Informatique'),
    (23, 'Informatique'),
    (24, 'Informatique'),
    (25, 'Informatique'),
    (26, 'Informatique'),
    (27, 'Informatique'),
    (28, 'Informatique'),
    (29, 'Informatique'),
    (30, 'Informatique'),
    (31, 'Informatique'),
    (32, 'Informatique'),
    (33, 'Informatique'),
    (34, 'Informatique'),
    (35, 'Informatique'),
    (36, 'Informatique'),
    (37, 'Informatique'),
    (38, 'Informatique'),
    (39, 'Informatique'),
    (40, 'Informatique'),
    (41, 'Informatique'),
    (42, 'Informatique'),
    (43, 'Informatique'),
    (44, 'Informatique'),
    (45, 'Informatique'),
    (46, 'Informatique'),
    (47, 'Informatique'),
    (48, 'Informatique'),
    (49, 'Informatique'),
    (50, 'Informatique'),
    (51, 'Informatique'),
    (52, 'Informatique'),
    (53, 'Informatique'),
    (54, 'Informatique'),
    (55, 'Informatique'),
    (56, 'Informatique'),
    (57, 'Informatique'),
    (58, 'Informatique'),
    (59, 'Informatique'),
    (60, 'Informatique'),
    (61, 'Informatique'),
    (62, 'Informatique'),
    (63, 'Informatique'),
    (64, 'Informatique'),
    (65, 'Informatique'),
    (66, 'Informatique'),
    (67, 'Informatique'),
    (68, 'Informatique'),
    (69, 'Informatique'),
    (70, 'Informatique'),
    (71, 'Informatique'),
    (72, 'Informatique'),
    (73, 'Informatique'),
    (74, 'Informatique'),
    (75, 'Informatique'),
    (76, 'Informatique'),
    (77, 'Informatique'),
    (78, 'Informatique'),
    (79, 'Informatique'),
    (80, 'Informatique'),
    (81, 'Informatique'),
    (82, 'Informatique'),
    (83, 'Informatique'),
    (84, 'Informatique'),
    (85, 'Informatique'),
    (86, 'Informatique'),
    (87, 'Informatique'),
    (88, 'Informatique'),
    (89, 'Informatique'),
    (90, 'Informatique'),
    (91, 'Informatique'),
    (92, 'Informatique'),
    (93, 'Informatique'),
    (94, 'Informatique'),
    (95, 'Informatique'),
    (96, 'Informatique'),
    (97, 'Informatique'),
    (98, 'Informatique'),
    (99, 'Informatique'),
    (101, 'Informatique'),
    (102, 'Informatique'),
    (103, 'Informatique'),
    (104, 'Informatique'),
    (105, 'Informatique'),
    (106, 'Informatique'),
    (107, 'Informatique'),
    (108, 'Informatique'),
    (109, 'Informatique'),
    (110, 'Informatique'),
    (111, 'Informatique'),
    (112, 'Informatique'),
    (113, 'Informatique'),
    (114, 'Informatique'),
    (115, 'Informatique'),
    (116, 'Informatique'),
    (117, 'Informatique'),
    (118, 'Informatique'),
    (119, 'Informatique'),
    (120, 'Informatique'),
    (121, 'Informatique'),
    (122, 'Informatique'),
    (123, 'Informatique'),
    (124, 'Informatique'),
    (125, 'Informatique'),
    (126, 'Informatique'),
    (127, 'Informatique'),
    (128, 'Informatique'),
    (129, 'Informatique'),
    (130, 'Informatique'),
    (131, 'Informatique'),
    (132, 'Informatique'),
    (133, 'Informatique'),
    (134, 'Informatique'),
    (135, 'Informatique'),
    (136, 'Informatique'),
    (137, 'Informatique'),
    (138, 'Informatique'),
    (139, 'Informatique'),
    (140, 'Informatique'),
    (141, 'Informatique'),
    (142, 'Informatique'),
    (143, 'Informatique'),
    (144, 'Informatique'),
    (145, 'Informatique'),
    (146, 'Informatique'),
    (147, 'Informatique'),
    (148, 'Informatique'),
    (149, 'Informatique'),
    (150, 'Informatique'),
    (151, 'Informatique'),
    (152, 'Informatique'),
    (153, 'Informatique'),
    (154, 'Informatique'),
    (155, 'Informatique'),
    (156, 'Informatique'),
    (157, 'Informatique'),
    (158, 'Informatique'),
    (159, 'Informatique'),
    (160, 'Informatique'),
    (161, 'Informatique'),
    (162, 'Informatique'),
    (163, 'Informatique'),
    (164, 'Informatique'),
    (165, 'Informatique'),
    (166, 'Informatique'),
    (167, 'Informatique'),
    (168, 'Informatique'),
    (169, 'Informatique'),
    (170, 'Informatique');

INSERT INTO Choices
    (ProjectID, UserID, Weight)
VALUES
    (1, 1, 1),
    (2, 1, 2),
    (3, 1, 3),
    (4, 5, 1),
    (5, 5, 2),
    (6, 5, 3),
    (2, 10, 1),
    (4, 10, 2),
    (6, 10, 3),
    (1, 11, 1),
    (3, 11, 2),
    (12, 13, 1),
    (42, 13, 2),
    (21, 13, 3),
    (25, 15, 1),
    (74, 15, 2),
    (19, 15, 3),
    (37, 14, 1),
    (53, 14, 2),
    (12, 14, 3),
    (65, 16, 1),
    (21, 16, 2),
    (48, 16, 3),
    (79, 17, 1),
    (4, 17, 2),
    (37, 17, 3),
    (53, 18, 1),
    (66, 18, 2),
    (68, 18, 3),
    (35, 19, 1),
    (30, 19, 2),
    (59, 19, 3),
    (34, 20, 1),
    (29, 20, 2),
    (2, 20, 3),
    (32, 21, 1),
    (14, 21, 2),
    (21, 21, 3),
    (45, 22, 1),
    (51, 22, 2),
    (40, 22, 3),
    (24, 23, 1),
    (39, 23, 2),
    (79, 23, 3),
    (60, 24, 1),
    (47, 24, 2),
    (1, 24, 3),
    (29, 25, 1),
    (32, 25, 2),
    (37, 25, 3),
    (43, 26, 1),
    (77, 26, 2),
    (17, 26, 3),
    (59, 27, 1),
    (42, 27, 2),
    (38, 27, 3),
    (9, 28, 1),
    (47, 28, 2),
    (68, 28, 3),
    (54, 29, 1),
    (43, 29, 2),
    (21, 29, 3),
    (21, 30, 1),
    (9, 30, 2),
    (57, 30, 3),
    (17, 31, 1),
    (35, 31, 2),
    (3, 31, 3),
    (52, 32, 1),
    (5, 32, 2),
    (19, 32, 3),
    (2, 33, 1),
    (22, 33, 2),
    (30, 33, 3),
    (63, 34, 1),
    (35, 34, 2),
    (28, 34, 3),
    (27, 35, 1),
    (9, 35, 2),
    (48, 35, 3),
    (74, 36, 1),
    (69, 36, 2),
    (48, 36, 3),
    (2, 37, 1),
    (49, 37, 2),
    (54, 37, 3),
    (13, 38, 1),
    (11, 38, 2),
    (64, 38, 3),
    (48, 39, 1),
    (49, 39, 2),
    (35, 39, 3),
    (23, 40, 1),
    (1, 40, 2),
    (10, 40, 3),
    (20, 41, 1),
    (48, 41, 2),
    (29, 41, 3),
    (42, 42, 1),
    (12, 42, 2),
    (63, 42, 3),
    (62, 43, 1),
    (3, 43, 2),
    (45, 43, 3),
    (70, 44, 1),
    (42, 44, 2),
    (3, 44, 3),
    (45, 45, 1),
    (21, 45, 2),
    (16, 45, 3),
    (38, 46, 1),
    (47, 46, 2),
    (8, 46, 3),
    (13, 47, 1),
    (15, 47, 2),
    (52, 47, 3),
    (7, 48, 1),
    (61, 48, 2),
    (16, 48, 3),
    (6, 49, 1),
    (74, 49, 2),
    (56, 49, 3),
    (24, 50, 1),
    (19, 50, 2),
    (21, 50, 3),
    (53, 51, 1),
    (47, 51, 2),
    (22, 51, 3),
    (37, 52, 1),
    (73, 52, 2),
    (41, 52, 3),
    (30, 53, 1),
    (9, 53, 2),
    (44, 53, 3),
    (39, 54, 1),
    (45, 54, 2),
    (40, 54, 3),
    (71, 55, 1),
    (17, 55, 2),
    (74, 55, 3),
    (60, 56, 1),
    (45, 56, 2),
    (68, 56, 3),
    (35, 57, 1),
    (56, 57, 2),
    (22, 57, 3),
    (55, 58, 1),
    (31, 58, 2),
    (62, 58, 3),
    (3, 59, 1),
    (26, 59, 2),
    (2, 59, 3),
    (19, 60, 1),
    (1, 60, 2),
    (40, 60, 3),
    (7, 61, 1),
    (43, 61, 2),
    (31, 61, 3),
    (12, 62, 1),
    (66, 62, 2),
    (3, 62, 3),
    (71, 63, 1),
    (17, 63, 2),
    (32, 63, 3),
    (49, 64, 1),
    (58, 64, 2),
    (23, 64, 3),
    (22, 65, 1),
    (21, 65, 2),
    (65, 65, 3),
    (38, 66, 1),
    (75, 66, 2),
    (53, 66, 3),
    (34, 67, 1),
    (51, 67, 2),
    (47, 67, 3),
    (46, 68, 1),
    (69, 68, 2),
    (19, 68, 3),
    (51, 69, 1),
    (59, 69, 2),
    (50, 69, 3),
    (60, 70, 1),
    (33, 70, 2),
    (64, 70, 3),
    (44, 71, 1),
    (3, 71, 2),
    (47, 71, 3),
    (14, 72, 1),
    (18, 72, 2),
    (37, 72, 3),
    (10, 73, 1),
    (72, 73, 2),
    (2, 73, 3),
    (27, 74, 1),
    (15, 74, 2),
    (25, 74, 3),
    (74, 75, 1),
    (28, 75, 2),
    (24, 75, 3),
    (68, 76, 1),
    (52, 76, 2),
    (62, 76, 3),
    (20, 77, 1),
    (58, 77, 2),
    (5, 77, 3),
    (48, 78, 1),
    (22, 78, 2),
    (35, 78, 3),
    (9, 79, 1),
    (53, 79, 2),
    (79, 79, 3),
    (39, 80, 1),
    (11, 80, 2),
    (6, 80, 3),
    (41, 81, 1),
    (61, 81, 2),
    (20, 81, 3),
    (57, 82, 1),
    (59, 82, 2),
    (23, 82, 3),
    (34, 83, 1),
    (10, 83, 2),
    (63, 83, 3),
    (74, 84, 1),
    (55, 84, 2),
    (44, 84, 3),
    (78, 85, 1),
    (35, 85, 2),
    (6, 85, 3),
    (69, 86, 1),
    (38, 86, 2),
    (72, 86, 3),
    (65, 87, 1),
    (18, 87, 2),
    (51, 87, 3),
    (41, 88, 1),
    (48, 88, 2),
    (62, 88, 3),
    (27, 89, 1),
    (11, 89, 2),
    (68, 89, 3),
    (32, 90, 1),
    (54, 90, 2),
    (52, 90, 3),
    (7, 91, 1),
    (33, 91, 2),
    (71, 91, 3),
    (53, 92, 1),
    (9, 92, 2),
    (50, 92, 3),
    (4, 93, 1),
    (3, 93, 2),
    (21, 93, 3),
    (47, 94, 1),
    (12, 94, 2),
    (28, 94, 3),
    (19, 95, 1),
    (44, 95, 2),
    (7, 95, 3),
    (27, 96, 1),
    (52, 96, 2),
    (13, 96, 3),
    (25, 97, 1),
    (46, 97, 2),
    (71, 97, 3),
    (47, 98, 1),
    (28, 98, 2),
    (1, 98, 3),
    (49, 99, 1),
    (18, 99, 2),
    (59, 99, 3),
    (70, 100, 1),
    (73, 100, 2),
    (17, 100, 3),
    (35, 101, 1),
    (67, 101, 2),
    (3, 101, 3),
    (69, 102, 1),
    (41, 102, 2),
    (32, 102, 3),
    (24, 103, 1),
    (38, 103, 2),
    (33, 103, 3),
    (42, 104, 1),
    (53, 104, 2),
    (66, 104, 3),
    (5, 105, 1),
    (9, 105, 2),
    (39, 105, 3),
    (4, 106, 1),
    (36, 106, 2),
    (43, 106, 3),
    (50, 107, 1),
    (63, 107, 2),
    (78, 107, 3),
    (57, 108, 1),
    (59, 108, 2),
    (13, 108, 3),
    (29, 109, 1),
    (15, 109, 2),
    (70, 109, 3),
    (33, 110, 1),
    (47, 110, 2),
    (19, 110, 3),
    (20, 111, 1),
    (18, 111, 2),
    (56, 111, 3),
    (48, 112, 1),
    (28, 112, 2),
    (73, 112, 3);

INSERT INTO InCharge
    (ProjectID, UserID)
VALUES
    (1, 15),
    (2, 18);